idx,y_true,fold,prob_OOF,pred@0.5,pred@thr_best
0,0,2,0.032916666666666664,0,0
1,0,1,0.03091666666666667,0,0
2,0,3,0.005833333333333333,0,0
3,0,5,0.00375,0,0
4,1,1,0.019416666666666665,0,0
5,0,2,0.0077083333333333335,0,0
6,0,3,0.008125,0,0
7,0,5,0.14174999999999996,0,0
8,0,4,0.01625,0,0
9,0,3,0.0075,0,0
10,0,1,0.082625,0,0
11,0,5,0.09625,0,0
12,0,4,0.02375,0,0
13,0,1,0.06645833333333333,0,0
14,0,4,0.013958333333333333,0,0
15,0,3,0.0275,0,0
16,0,5,0.09728571428571431,0,0
17,0,3,0.09228571428571429,0,0
18,0,3,0.0,0,0
19,0,5,0.07554166666666667,0,0
20,0,1,0.14645833333333333,0,0
21,0,1,0.036750000000000005,0,0
22,1,2,0.21350000000000002,0,0
23,0,3,0.063375,0,0
24,0,5,0.00125,0,0
25,0,1,0.16999999999999996,0,0
26,0,3,0.03270833333333333,0,0
27,0,4,0.013916666666666666,0,0
28,0,1,0.2380833333333333,0,0
29,0,1,0.014255952380952381,0,0
30,0,2,0.006458333333333332,0,0
31,0,1,0.08891666666666666,0,0
32,0,1,0.04085416666666667,0,0
33,0,3,0.0025,0,0
34,0,5,0.02508333333333333,0,0
35,0,4,0.05387500000000001,0,0
36,1,2,0.5309166666666666,1,1
37,0,5,0.10552083333333334,0,0
38,0,4,0.01,0,0
39,0,5,0.04479166666666666,0,0
40,0,3,0.16941666666666666,0,0
41,0,1,0.016666666666666666,0,0
42,0,4,0.11318749999999998,0,0
43,0,5,0.055749999999999994,0,0
44,0,5,0.01125,0,0
45,0,2,0.16166666666666668,0,0
46,0,1,0.3574285714285713,0,1
47,0,3,0.3116041666666667,0,0
48,0,5,0.07358333333333335,0,0
49,0,1,0.06770833333333333,0,0
50,0,3,0.028958333333333326,0,0
51,0,5,0.011354166666666667,0,0
52,0,1,0.10137499999999999,0,0
53,0,2,0.017583333333333333,0,0
54,0,2,0.14711904761904762,0,0
55,1,2,0.07141666666666664,0,0
56,0,5,0.0225,0,0
57,0,5,0.015327380952380952,0,0
58,1,1,0.3946607142857142,0,1
59,0,1,0.02541666666666667,0,0
60,0,3,0.0,0,0
61,0,4,0.006875,0,0
62,0,5,0.024541666666666666,0,0
63,0,2,0.043583333333333335,0,0
64,0,1,0.01125,0,0
65,0,5,0.08420833333333334,0,0
66,0,1,0.04958333333333332,0,0
67,0,2,0.11599999999999999,0,0
68,0,4,0.014499999999999999,0,0
69,0,4,0.07395833333333333,0,0
70,0,1,0.01125,0,0
71,0,5,0.04458333333333333,0,0
72,0,4,0.26475000000000004,0,0
73,0,1,0.013958333333333335,0,0
74,0,3,0.05681547619047619,0,0
75,0,5,0.00125,0,0
76,1,4,0.5438809523809524,1,1
77,1,1,0.3846607142857143,0,1
78,0,5,0.035625,0,0
79,0,1,0.03720833333333333,0,0
80,0,2,0.1765535714285714,0,0
81,0,5,0.06408333333333333,0,0
82,0,1,0.05354166666666667,0,0
83,0,3,0.03722023809523809,0,0
84,0,3,0.0,0,0
85,0,5,0.014583333333333335,0,0
86,0,1,0.00125,0,0
87,0,2,0.009708333333333333,0,0
88,0,5,0.028541666666666667,0,0
89,0,5,0.010625,0,0
90,0,4,0.036041666666666666,0,0
91,0,3,0.027791666666666662,0,0
92,0,4,0.08741666666666667,0,0
93,0,1,0.006541666666666667,0,0
94,0,4,0.05083333333333334,0,0
95,0,1,0.04779166666666667,0,0
96,0,2,0.029708333333333333,0,0
97,0,5,0.01375,0,0
98,0,2,0.007916666666666666,0,0
99,0,5,0.031874999999999994,0,0
100,0,1,0.015666666666666666,0,0
101,0,2,0.503625,1,1
102,0,4,0.10624999999999998,0,0
103,0,1,0.0975,0,0
104,0,1,0.11039285714285713,0,0
105,0,1,0.01425,0,0
106,0,3,0.12829166666666666,0,0
107,0,3,0.03812499999999999,0,0
108,0,1,0.012291666666666666,0,0
109,0,1,0.00125,0,0
110,0,5,0.029708333333333333,0,0
111,0,2,0.03983333333333333,0,0
112,0,5,0.044125,0,0
113,0,4,0.011875,0,0
114,0,2,0.01916666666666667,0,0
115,0,3,0.02175,0,0
116,0,2,0.0,0,0
117,0,2,0.0014583333333333332,0,0
118,0,3,0.08741666666666667,0,0
119,0,3,0.06066666666666667,0,0
120,0,2,0.035750000000000004,0,0
121,0,4,0.26970833333333327,0,0
122,0,1,0.020499999999999997,0,0
123,0,1,0.37990476190476186,0,1
124,1,5,0.3780952380952381,0,1
125,0,2,0.006583333333333333,0,0
126,0,2,0.007083333333333333,0,0
127,0,5,0.02,0,0
128,0,4,0.0025,0,0
129,0,1,0.10741666666666666,0,0
130,0,5,0.00825,0,0
131,0,1,0.017499999999999998,0,0
132,0,5,0.12791666666666665,0,0
133,0,1,0.0022916666666666667,0,0
134,1,2,0.438125,0,1
135,1,3,0.005416666666666666,0,0
136,0,1,0.042874999999999996,0,0
137,0,4,0.18612500000000004,0,0
138,0,1,0.081,0,0
139,0,2,0.023749999999999997,0,0
140,0,4,0.015416666666666665,0,0
141,0,4,0.03158333333333334,0,0
142,0,1,0.1109345238095238,0,0
143,0,3,0.04650000000000001,0,0
144,0,5,0.22070833333333334,0,0
145,0,1,0.020208333333333335,0,0
146,0,1,0.01858333333333333,0,0
147,0,5,0.09916666666666667,0,0
148,0,2,0.08812500000000002,0,0
149,0,5,0.019166666666666665,0,0
150,0,5,0.036020833333333335,0,0
151,0,2,0.03854166666666667,0,0
152,0,2,0.028125,0,0
153,0,2,0.0025,0,0
154,0,2,0.01,0,0
155,0,5,0.05095833333333332,0,0
156,0,4,0.007499999999999999,0,0
157,0,5,0.009041666666666667,0,0
158,0,3,0.271875,0,0
159,0,2,0.032499999999999994,0,0
160,0,4,0.010416666666666664,0,0
161,0,5,0.03458333333333333,0,0
162,0,2,0.0,0,0
163,0,4,0.008541666666666666,0,0
164,0,5,0.023124999999999996,0,0
165,0,5,0.06391666666666666,0,0
166,0,3,0.33525,0,0
167,0,2,0.0825,0,0
168,0,5,0.054375,0,0
169,0,2,0.1505565476190476,0,0
170,0,3,0.057125,0,0
171,0,2,0.0,0,0
172,0,2,0.14866666666666664,0,0
173,0,5,0.11066666666666665,0,0
174,0,1,0.30204166666666665,0,0
175,1,3,0.3640833333333335,0,1
176,0,3,0.060708333333333336,0,0
177,0,2,0.09458333333333334,0,0
178,0,5,0.14420833333333333,0,0
179,0,5,0.03333333333333333,0,0
180,0,1,0.312,0,0
181,0,5,0.10391666666666667,0,0
182,0,2,0.02475,0,0
183,0,4,0.10666666666666667,0,0
184,0,2,0.173625,0,0
185,0,4,0.2179583333333333,0,0
186,0,3,0.05820833333333333,0,0
187,0,3,0.1983333333333334,0,0
188,0,4,0.14200595238095237,0,0
189,0,3,0.018833333333333334,0,0
190,0,5,0.00375,0,0
191,0,3,0.050458333333333334,0,0
192,0,4,0.5161785714285714,1,1
193,1,5,0.4884583333333334,0,1
194,1,3,0.444875,0,1
195,0,4,0.01125,0,0
196,0,1,0.066,0,0
197,0,2,0.043791666666666666,0,0
198,0,4,0.1716785714285714,0,0
199,0,5,0.0025,0,0
200,1,2,0.6929880952380952,1,1
201,0,5,0.07054166666666667,0,0
202,0,4,0.011666666666666665,0,0
203,0,1,0.071875,0,0
204,0,2,0.015208333333333332,0,0
205,0,5,0.32012500000000005,0,0
206,0,3,0.023708333333333335,0,0
207,0,1,0.4555833333333333,0,1
208,0,4,0.004583333333333333,0,0
209,0,4,0.07083333333333333,0,0
210,0,2,0.058270833333333334,0,0
211,0,2,0.032916666666666664,0,0
212,0,2,0.06283333333333334,0,0
213,0,3,0.18212500000000006,0,0
214,0,1,0.06716666666666665,0,0
215,0,4,0.03241666666666667,0,0
216,0,2,0.045041666666666653,0,0
217,0,1,0.009041666666666667,0,0
218,0,1,0.007291666666666666,0,0
219,0,4,0.011041666666666667,0,0
220,0,2,0.005708333333333333,0,0
221,0,5,0.060625,0,0
222,0,3,0.04041666666666667,0,0
223,0,3,0.028125,0,0
224,0,5,0.03883333333333333,0,0
225,0,3,0.026214285714285714,0,0
226,0,4,0.02020833333333333,0,0
227,0,3,0.27349999999999997,0,0
228,0,1,0.29520238095238094,0,0
229,0,3,0.07041666666666667,0,0
230,0,2,0.006666666666666666,0,0
231,0,3,0.011458333333333333,0,0
232,0,2,0.011208333333333334,0,0
233,0,1,0.09845833333333333,0,0
234,0,2,0.01417857142857143,0,0
235,0,5,0.009583333333333333,0,0
236,0,1,0.12040178571428573,0,0
237,0,3,0.05195833333333331,0,0
238,1,5,0.6773154761904763,1,1
239,0,2,0.003333333333333333,0,0
240,0,5,0.03670833333333333,0,0
241,0,2,0.03,0,0
242,0,2,0.09874999999999998,0,0
243,0,5,0.09216666666666669,0,0
244,0,4,0.03266666666666666,0,0
245,0,5,0.14791666666666667,0,0
246,0,2,0.06429166666666666,0,0
247,0,4,0.11141071428571432,0,0
248,0,1,0.27751785714285715,0,0
249,0,1,0.22096428571428572,0,0
250,0,1,0.006666666666666666,0,0
251,0,2,0.4786666666666667,0,1
252,0,2,0.005,0,0
253,1,1,0.42801190476190476,0,1
254,0,2,0.05270833333333332,0,0
255,0,3,0.017541666666666667,0,0
256,0,2,0.05266666666666667,0,0
257,0,1,0.0365625,0,0
258,1,3,0.4866249999999999,0,1
259,0,3,0.012083333333333333,0,0
260,1,5,0.6839166666666666,1,1
261,1,1,0.5157857142857144,1,1
262,1,4,0.5510714285714285,1,1
263,1,3,0.7148125000000002,1,1
264,0,4,0.005,0,0
265,0,3,0.022666666666666672,0,0
266,0,4,0.027499999999999997,0,0
267,0,5,0.0016666666666666666,0,0
268,0,4,0.020499999999999997,0,0
269,0,4,0.027875,0,0
270,0,2,0.00625,0,0
271,0,2,0.08060515873015874,0,0
272,0,4,0.32275,0,0
273,1,2,0.15637500000000001,0,0
274,0,3,0.05883333333333333,0,0
275,0,3,0.034375,0,0
276,0,3,0.05170833333333333,0,0
277,0,1,0.1520595238095238,0,0
278,0,5,0.016041666666666666,0,0
279,0,3,0.018333333333333333,0,0
280,0,2,0.11008333333333332,0,0
281,0,5,0.01395833333333333,0,0
282,0,5,0.003833333333333333,0,0
283,0,4,0.11658333333333333,0,0
284,0,4,0.04516666666666667,0,0
285,0,3,0.006875,0,0
286,0,4,0.14966666666666667,0,0
287,0,4,0.644375,1,1
288,0,4,0.001,0,0
289,0,2,0.18517261904761906,0,0
290,0,2,0.030666666666666665,0,0
291,0,4,0.06449999999999999,0,0
292,0,4,0.04004166666666667,0,0
293,0,4,0.004625000000000001,0,0
294,0,5,0.2369166666666667,0,0
295,0,5,0.0075,0,0
296,0,3,0.074375,0,0
297,0,4,0.02395833333333333,0,0
298,0,2,0.02875,0,0
299,0,2,0.007499999999999999,0,0
300,0,3,0.0029166666666666664,0,0
301,0,3,0.00875,0,0
302,1,3,0.16295833333333326,0,0
303,0,3,0.291625,0,0
304,0,2,0.2544821428571429,0,0
305,0,2,0.13938095238095236,0,0
306,0,4,0.12278571428571426,0,0
307,0,3,0.01,0,0
308,0,5,0.20535119047619044,0,0
309,0,5,0.011666666666666665,0,0
310,0,2,0.056416666666666664,0,0
311,0,4,0.03254166666666666,0,0
312,0,5,0.13314880952380953,0,0
313,0,2,0.24892559523809524,0,0
314,0,4,0.02083333333333333,0,0
315,0,4,0.0125,0,0
316,1,4,0.0125,0,0
317,0,2,0.010416666666666664,0,0
318,0,4,0.13037500000000002,0,0
319,0,1,0.3099791666666667,0,0
320,0,5,0.22911309523809528,0,0
321,0,1,0.16384226190476184,0,0
322,0,4,0.04883333333333335,0,0
323,0,1,0.014166666666666668,0,0
324,0,3,0.2505,0,0
325,0,3,0.5596666666666666,1,1
326,0,2,0.3330416666666667,0,0
327,0,1,0.07175,0,0
328,0,1,0.0741547619047619,0,0
329,0,1,0.10883333333333332,0,0
330,1,1,0.21035714285714285,0,0
331,0,2,0.10270833333333332,0,0
332,0,2,0.07008928571428572,0,0
333,0,5,0.05045833333333334,0,0
334,0,4,0.2509166666666667,0,0
335,0,3,0.2973035714285714,0,0
336,0,2,0.12516666666666668,0,0
337,0,1,0.03808333333333334,0,0
338,0,3,0.13837500000000003,0,0
339,1,1,0.38833333333333336,0,1
340,0,4,0.03345833333333334,0,0
341,0,4,0.021875,0,0
342,0,2,0.082140873015873,0,0
343,0,1,0.0,0,0
344,0,4,0.2131666666666667,0,0
345,0,3,0.015625,0,0
346,0,4,0.017791666666666664,0,0
347,0,3,0.41520833333333335,0,1
348,0,5,0.12420833333333334,0,0
349,0,1,0.1627291666666666,0,0
350,0,3,0.017083333333333332,0,0
351,0,5,0.005,0,0
352,0,2,0.00125,0,0
353,0,3,0.003125,0,0
354,0,5,0.027291666666666665,0,0
355,0,3,0.005416666666666666,0,0
356,0,2,0.11307738095238097,0,0
357,0,2,0.0025,0,0
358,0,4,0.03020833333333333,0,0
359,1,1,0.012083333333333333,0,0
360,0,3,0.06372023809523811,0,0
361,0,1,0.04337499999999998,0,0
362,0,1,0.10537500000000001,0,0
363,0,1,0.03854166666666667,0,0
364,0,3,0.03708333333333333,0,0
365,0,4,0.02895833333333333,0,0
366,0,3,0.03416666666666667,0,0
367,0,5,0.5147916666666666,1,1
368,1,3,0.4727083333333333,0,1
369,1,4,0.7376249999999999,1,1
370,0,1,0.05625,0,0
371,0,4,0.18049999999999997,0,0
372,0,3,0.332625,0,0
373,0,3,0.3318333333333333,0,0
374,0,4,0.06757142857142856,0,0
375,0,2,0.11004166666666666,0,0
376,0,5,0.24262500000000004,0,0
377,0,2,0.15273214285714282,0,0
378,0,1,0.14054166666666668,0,0
379,0,2,0.01758928571428571,0,0
380,0,2,0.057714285714285704,0,0
381,0,5,0.027000000000000003,0,0
382,0,1,0.459375,0,1
383,0,4,0.03162499999999999,0,0
384,0,5,0.07083333333333335,0,0
385,0,1,0.02375,0,0
386,0,4,0.006500000000000001,0,0
387,0,1,0.04429166666666666,0,0
388,0,2,0.02208333333333333,0,0
389,0,1,0.073125,0,0
390,0,5,0.055,0,0
391,0,5,0.017083333333333332,0,0
392,0,3,0.30091666666666667,0,0
393,0,4,0.19023809523809526,0,0
394,0,5,0.20233531746031744,0,0
395,0,5,0.10008333333333332,0,0
396,0,4,0.057263888888888885,0,0
397,0,3,0.050249999999999996,0,0
398,0,3,0.27254166666666657,0,0
399,0,3,0.1265,0,0
400,0,4,0.5383541666666667,1,1
401,0,5,0.12638888888888888,0,0
402,0,3,0.13258333333333333,0,0
403,1,4,0.19445833333333332,0,0
404,0,5,0.00375,0,0
405,0,5,0.07948214285714286,0,0
406,0,4,0.1165357142857143,0,0
407,0,4,0.10617261904761904,0,0
408,0,3,0.035833333333333335,0,0
409,0,3,0.10529166666666667,0,0
410,0,2,0.09416071428571428,0,0
411,0,1,0.0115,0,0
412,0,3,0.2380119047619048,0,0
413,0,3,0.13724999999999998,0,0
414,1,5,0.40124999999999994,0,1
415,0,4,0.008333333333333333,0,0
416,0,3,0.011666666666666665,0,0
417,0,2,0.05388690476190477,0,0
418,0,1,0.02125,0,0
419,0,1,0.1745416666666667,0,0
420,0,5,0.02033333333333333,0,0
421,0,5,0.1383333333333333,0,0
422,0,1,0.09583333333333334,0,0
423,0,1,0.07370833333333333,0,0
424,0,3,0.130875,0,0
425,0,1,0.12691666666666668,0,0
426,0,3,0.10958333333333334,0,0
427,0,4,0.16870833333333335,0,0
428,0,1,0.24416071428571423,0,0
429,0,4,0.07367857142857143,0,0
430,0,5,0.09308333333333334,0,0
431,0,1,0.07532738095238095,0,0
432,0,4,0.061125,0,0
433,0,3,0.276375,0,0
434,1,5,0.0,0,0
435,0,3,0.04324999999999999,0,0
436,0,1,0.09168749999999999,0,0
437,0,4,0.07100595238095235,0,0
438,0,1,0.04979166666666667,0,0
439,0,5,0.1288511904761905,0,0
440,0,3,0.10023809523809525,0,0
441,0,2,0.13860714285714287,0,0
442,0,4,0.029083333333333333,0,0
443,0,5,0.05520833333333333,0,0
444,0,2,0.09509920634920635,0,0
445,0,4,0.024833333333333332,0,0
446,0,5,0.2646130952380952,0,0
447,0,4,0.1669107142857143,0,0
448,0,3,0.42854166666666665,0,1
449,0,1,0.53,1,1
450,0,4,0.13091666666666663,0,0
451,0,1,0.017083333333333332,0,0
452,0,2,0.15795833333333334,0,0
453,1,2,0.4620833333333333,0,1
454,0,3,0.08233333333333333,0,0
455,0,5,0.2856160714285714,0,0
456,0,3,0.10383928571428572,0,0
457,0,2,0.11774999999999998,0,0
458,0,1,0.02916666666666667,0,0
459,0,1,0.014791666666666665,0,0
460,0,4,0.05625,0,0
461,0,3,0.014583333333333335,0,0
462,0,3,0.10550000000000001,0,0
463,0,1,0.029374999999999995,0,0
464,0,4,0.012148809523809524,0,0
465,1,5,0.38745238095238094,0,1
466,0,2,0.14083333333333334,0,0
467,0,4,0.2134285714285715,0,0
468,1,4,0.3638452380952382,0,1
469,0,3,0.23029166666666664,0,0
470,1,1,0.5407083333333333,1,1
471,0,5,0.013541666666666667,0,0
472,1,4,0.3470952380952382,0,1
473,1,2,0.2767440476190476,0,0
474,1,4,0.43983333333333335,0,1
475,1,3,0.5264285714285716,1,1
476,1,5,0.4242678571428572,0,1
477,0,4,0.4223333333333335,0,1
478,0,5,0.018916666666666665,0,0
479,1,2,0.37613095238095234,0,1
480,0,4,0.07378571428571429,0,0
481,0,3,0.1768333333333333,0,0
482,0,4,0.024541666666666666,0,0
483,0,2,0.017583333333333333,0,0
484,0,2,0.10479166666666666,0,0
485,0,2,0.06587499999999999,0,0
486,0,4,0.03745833333333334,0,0
487,0,2,0.16089880952380953,0,0
488,1,3,0.7995238095238095,1,1
489,0,5,0.009166666666666667,0,0
490,0,1,0.018208333333333333,0,0
491,0,4,0.04747916666666667,0,0
492,0,3,0.023374999999999993,0,0
493,0,2,0.03895833333333333,0,0
494,0,5,0.18824999999999995,0,0
495,0,1,0.00125,0,0
496,0,3,0.007083333333333333,0,0
497,0,1,0.05654166666666666,0,0
498,0,2,0.135375,0,0
499,0,3,0.028285714285714282,0,0
500,0,4,0.03333333333333333,0,0
501,0,5,0.10882142857142858,0,0
502,0,2,0.30604761904761907,0,0
